{
  "timestamp": "20260322T102959Z",
  "target_model": "/root/autodl-tmp",
  "draft_model": "/root/huggingface/Qwen3-0.6B",
  "gamma": 3,
  "prompt_len": 256,
  "max_output_len": 128,
  "baseline": {
    "label": "baseline",
    "prompt_tokens": 256,
    "output_tokens": 128,
    "ttft_ms": 31.6337828990072,
    "tpot_ms": 10.859708268723384,
    "total_time_ms": 1410.816733026877,
    "prefill_time_ms": 31.599754001945257,
    "decode_time_ms": 1409.6469061914831,
    "decode_throughput_toks": 90.80288080497002,
    "spec_acceptance_rate": 0.0,
    "spec_proposed": 0,
    "spec_accepted": 0,
    "spec_draft_time_ms": 0.0,
    "spec_verify_time_ms": 0.0,
    "spec_verify_prep_time_ms": 0.0,
    "spec_verify_forward_time_ms": 0.0,
    "spec_verify_lmhead_time_ms": 0.0,
    "spec_verify_sampling_time_ms": 0.0,
    "spec_apply_time_ms": 0.0,
    "spec_cleanup_time_ms": 0.0,
    "spec_overhead_time_ms": 0.0
  },
  "spec_decode": {
    "label": "spec-decode-gamma3",
    "prompt_tokens": 256,
    "output_tokens": 128,
    "ttft_ms": 53.41448402032256,
    "tpot_ms": 10.333710045766408,
    "total_time_ms": 1365.7956598326564,
    "prefill_time_ms": 53.380632074549794,
    "decode_time_ms": 1365.4656948056072,
    "decode_throughput_toks": 93.74091233996366,
    "spec_acceptance_rate": 0.6554621848739496,
    "spec_proposed": 119,
    "spec_accepted": 78,
    "spec_draft_time_ms": 161.44098108634353,
    "spec_verify_time_ms": 863.5903026442975,
    "spec_verify_prep_time_ms": 4.497808869928122,
    "spec_verify_forward_time_ms": 826.2753549497575,
    "spec_verify_lmhead_time_ms": 20.04482806660235,
    "spec_verify_sampling_time_ms": 12.082362547516823,
    "spec_apply_time_ms": 0.18343771807849407,
    "spec_cleanup_time_ms": 0.127734849229455,
    "spec_overhead_time_ms": 1025.342456297949
  }
}
