{
  "timestamp": "20260322T104708Z",
  "target_model": "/root/autodl-tmp",
  "draft_model": "/root/huggingface/Qwen3-0.6B",
  "gamma": 3,
  "prompt_len": 256,
  "max_output_len": 128,
  "baseline": {
    "label": "baseline",
    "prompt_tokens": 256,
    "output_tokens": 128,
    "ttft_ms": 31.316729029640555,
    "tpot_ms": 10.850109913437738,
    "total_time_ms": 1409.2806880362332,
    "prefill_time_ms": 31.283245887607336,
    "decode_time_ms": 1408.165055559948,
    "decode_throughput_toks": 90.89843516185083,
    "spec_acceptance_rate": 0.0,
    "spec_proposed": 0,
    "spec_accepted": 0,
    "spec_draft_time_ms": 0.0,
    "spec_verify_time_ms": 0.0,
    "spec_verify_prep_time_ms": 0.0,
    "spec_verify_forward_time_ms": 0.0,
    "spec_verify_lmhead_time_ms": 0.0,
    "spec_verify_sampling_time_ms": 0.0,
    "spec_apply_time_ms": 0.0,
    "spec_cleanup_time_ms": 0.0,
    "spec_overhead_time_ms": 0.0
  },
  "spec_decode": {
    "label": "spec-decode-gamma3",
    "prompt_tokens": 256,
    "output_tokens": 128,
    "ttft_ms": 53.0970289837569,
    "tpot_ms": 9.209139448568576,
    "total_time_ms": 1222.6577389519662,
    "prefill_time_ms": 53.06594609282911,
    "decode_time_ms": 1222.2901426721364,
    "decode_throughput_toks": 104.72145322236666,
    "spec_acceptance_rate": 0.6554621848739496,
    "spec_proposed": 119,
    "spec_accepted": 78,
    "spec_draft_time_ms": 161.78005072288215,
    "spec_verify_time_ms": 719.9173020198941,
    "spec_verify_prep_time_ms": 4.596043610945344,
    "spec_verify_forward_time_ms": 682.024096371606,
    "spec_verify_lmhead_time_ms": 19.92006367072463,
    "spec_verify_sampling_time_ms": 12.544307392090559,
    "spec_apply_time_ms": 0.20075123757123947,
    "spec_cleanup_time_ms": 0.17580576241016388,
    "spec_overhead_time_ms": 882.0739097427577
  }
}
