{
  "timestamp": "2026-03-21T12:41:14.060425+00:00",
  "scenario": "decode-jitter",
  "engine": "hilda-vllm",
  "backend": "hilda-vllm",
  "model": "/root/huggingface/Qwen3-0.6B",
  "long_prompt_tokens": 4096,
  "num_long_requests": 4,
  "short_prompt_tokens": 64,
  "num_short_requests": 256,
  "short_output_tokens": 32768,
  "decode_steps": 131,
  "mixed_decode_steps": 18,
  "decode_latency_p50_ms": 6.985982996411622,
  "decode_latency_p95_ms": 7.391332997940481,
  "decode_latency_p99_ms": 92.60107591980997,
  "decode_latency_max_ms": 196.15867896936834,
  "decode_latency_mean_ms": 9.416088783573217,
  "mixed_decode_latency_p50_ms": 5.718266998883337,
  "mixed_decode_latency_p95_ms": 124.03656915412273,
  "mixed_decode_latency_p99_ms": 181.7342570063191,
  "mixed_decode_latency_max_ms": 196.15867896936834,
  "mixed_decode_latency_mean_ms": 27.119927949065136,
  "mixed_decode_jitter_ratio": 21.691286744453276,
  "total_time_s": 1.4955803959164768
}
