{
  "timestamp": "2026-03-21T12:39:34.949825+00:00",
  "scenario": "decode-jitter",
  "engine": "hilda-vllm",
  "backend": "hilda-vllm",
  "model": "/root/huggingface/Qwen3-0.6B",
  "long_prompt_tokens": 4096,
  "num_long_requests": 4,
  "short_prompt_tokens": 64,
  "num_short_requests": 256,
  "short_output_tokens": 32768,
  "decode_steps": 129,
  "mixed_decode_steps": 2,
  "decode_latency_p50_ms": 6.997452932409942,
  "decode_latency_p95_ms": 7.435096800327301,
  "decode_latency_p99_ms": 110.9739428386092,
  "decode_latency_max_ms": 273.81187106948346,
  "decode_latency_mean_ms": 10.176323647538648,
  "mixed_decode_latency_p50_ms": 186.0920325270854,
  "mixed_decode_latency_p95_ms": 265.03988721524365,
  "mixed_decode_latency_p99_ms": 272.0574742986355,
  "mixed_decode_latency_max_ms": 273.81187106948346,
  "mixed_decode_latency_mean_ms": 186.0920325270854,
  "mixed_decode_jitter_ratio": 1.4242409178730826,
  "total_time_s": 1.3131527240620926
}
