{
  "timestamp": "2026-03-21T15:50:56.883306+00:00",
  "scenario": "decode-jitter",
  "engine": "hilda-vllm-fp8",
  "backend": "hilda-vllm",
  "model": "/root/huggingface/Qwen3-0.6B",
  "long_prompt_tokens": 4096,
  "num_long_requests": 4,
  "short_prompt_tokens": 64,
  "num_short_requests": 256,
  "short_output_tokens": 32768,
  "decode_steps": 131,
  "mixed_decode_steps": 18,
  "decode_latency_p50_ms": 5.5539029417559505,
  "decode_latency_p95_ms": 5.989770463202149,
  "decode_latency_p99_ms": 92.43099669692971,
  "decode_latency_max_ms": 199.44573601242155,
  "decode_latency_mean_ms": 8.344609749802025,
  "mixed_decode_latency_p50_ms": 4.816928994841874,
  "mixed_decode_latency_p95_ms": 123.32511817221517,
  "mixed_decode_latency_p99_ms": 184.22161244438016,
  "mixed_decode_latency_max_ms": 199.44573601242155,
  "mixed_decode_latency_mean_ms": 26.942320666017217,
  "mixed_decode_jitter_ratio": 25.602436387224262,
  "total_time_s": 1.3695711269974709
}
