{
  "timestamp": "2026-03-21T15:17:56.500527+00:00",
  "scenario": "decode-jitter",
  "engine": "hilda-vllm-fp8",
  "backend": "hilda-vllm",
  "model": "/root/huggingface/Qwen3-0.6B",
  "long_prompt_tokens": 4096,
  "num_long_requests": 4,
  "short_prompt_tokens": 64,
  "num_short_requests": 256,
  "short_output_tokens": 32768,
  "decode_steps": 131,
  "mixed_decode_steps": 18,
  "decode_latency_p50_ms": 5.590484943240881,
  "decode_latency_p95_ms": 5.942914984188974,
  "decode_latency_p99_ms": 84.49627375230136,
  "decode_latency_max_ms": 207.7298330841586,
  "decode_latency_mean_ms": 8.326313114469118,
  "mixed_decode_latency_p50_ms": 4.867387004196644,
  "mixed_decode_latency_p95_ms": 115.73726218193754,
  "mixed_decode_latency_p99_ms": 189.33131890371425,
  "mixed_decode_latency_max_ms": 207.7298330841586,
  "mixed_decode_latency_mean_ms": 26.629150573474664,
  "mixed_decode_jitter_ratio": 23.778109708997718,
  "total_time_s": 1.3729444730561227
}
