{
  "timestamp": "2026-03-21T11:57:29.603339+00:00",
  "engine": "hilda-vllm",
  "backend": "hilda-vllm",
  "model": "/root/huggingface/Qwen3-0.6B",
  "num_requests": 256,
  "prompt_tokens": 142827,
  "output_tokens": 133966,
  "prefill_tokens": 142827,
  "decode_tokens": 133966,
  "prefill_time_s": 1.078042230103165,
  "decode_time_s": 15.089130683802068,
  "total_time_s": 15.091523000970483,
  "prefill_throughput_toks": 132487.3887234751,
  "decode_throughput_toks": 8878.311335974462,
  "total_throughput_toks": 8876.903940800747
}
