{
  "timestamp": "20260322T094729Z",
  "target_model": "/root/autodl-tmp",
  "draft_model": "/root/huggingface/Qwen3-0.6B",
  "gamma": 3,
  "prompt_len": 256,
  "max_output_len": 128,
  "baseline": {
    "label": "baseline",
    "prompt_tokens": 256,
    "output_tokens": 128,
    "ttft_ms": 38.1730180233717,
    "tpot_ms": 10.881223992671906,
    "total_time_ms": 1420.0884650927037,
    "prefill_time_ms": 38.14034699462354,
    "decode_time_ms": 1418.936520582065,
    "decode_throughput_toks": 90.20840477591827,
    "spec_acceptance_rate": 0.0,
    "spec_proposed": 0,
    "spec_accepted": 0,
    "spec_draft_time_ms": 0.0,
    "spec_verify_time_ms": 0.0,
    "spec_verify_prep_time_ms": 0.0,
    "spec_verify_forward_time_ms": 0.0,
    "spec_verify_lmhead_time_ms": 0.0,
    "spec_verify_sampling_time_ms": 0.0,
    "spec_apply_time_ms": 0.0,
    "spec_cleanup_time_ms": 0.0,
    "spec_overhead_time_ms": 0.0
  },
  "spec_decode": {
    "label": "spec-decode-gamma3",
    "prompt_tokens": 256,
    "output_tokens": 128,
    "ttft_ms": 58.04732791148126,
    "tpot_ms": 11.526992936860623,
    "total_time_ms": 1521.9754308927804,
    "prefill_time_ms": 58.01042704842985,
    "decode_time_ms": 1521.6414243914187,
    "decode_throughput_toks": 84.11968677258749,
    "spec_acceptance_rate": 0.6554621848739496,
    "spec_proposed": 119,
    "spec_accepted": 78,
    "spec_draft_time_ms": 163.888409268111,
    "spec_verify_time_ms": 1011.5579958073795,
    "spec_verify_prep_time_ms": 4.678308265283704,
    "spec_verify_forward_time_ms": 973.2262333855033,
    "spec_verify_lmhead_time_ms": 20.293657900765538,
    "spec_verify_sampling_time_ms": 12.647469295188785,
    "spec_apply_time_ms": 0.18827151507139206,
    "spec_cleanup_time_ms": 0.13779127039015293,
    "spec_overhead_time_ms": 1175.772467860952
  }
}
