{
  "timestamp": "2026-03-21T12:15:59.843533+00:00",
  "scenario": "decode-jitter",
  "engine": "hilda-vllm",
  "backend": "hilda-vllm",
  "model": "/root/huggingface/Qwen3-0.6B",
  "long_prompt_tokens": 3072,
  "short_prompt_tokens": 128,
  "num_short_requests": 32,
  "short_output_tokens": 2048,
  "decode_steps": 64,
  "mixed_decode_steps": 1,
  "decode_latency_p50_ms": 2.523300005123019,
  "decode_latency_p95_ms": 2.637214498827234,
  "decode_latency_p99_ms": 143.49672148469816,
  "decode_latency_max_ms": 191.7432410409674,
  "decode_latency_mean_ms": 7.258790186824626,
  "mixed_decode_latency_p50_ms": 191.7432410409674,
  "mixed_decode_latency_p95_ms": 191.7432410409674,
  "mixed_decode_latency_p99_ms": 191.7432410409674,
  "mixed_decode_latency_max_ms": 191.7432410409674,
  "mixed_decode_latency_mean_ms": 191.7432410409674,
  "mixed_decode_jitter_ratio": 1.0,
  "total_time_s": 0.4647176980506629
}
