{
  "timestamp": "2026-03-21T15:07:46.068263+00:00",
  "engine": "hilda-vllm-fp8",
  "backend": "hilda-vllm",
  "model": "/root/huggingface/Qwen3-0.6B",
  "num_requests": 256,
  "prompt_tokens": 142827,
  "output_tokens": 133966,
  "prefill_tokens": 189722,
  "decode_tokens": 133966,
  "prefill_time_s": 3.0336661606561393,
  "decode_time_s": 13.81026913120877,
  "total_time_s": 14.163494331063703,
  "prefill_throughput_toks": 62538.85231688308,
  "decode_throughput_toks": 9700.462657694374,
  "total_throughput_toks": 9458.541576578506
}
