{
  "timestamp": "2026-03-21T12:24:34.114644+00:00",
  "scenario": "decode-jitter",
  "engine": "hilda-vllm",
  "backend": "hilda-vllm",
  "model": "/root/huggingface/Qwen3-0.6B",
  "long_prompt_tokens": 3072,
  "short_prompt_tokens": 128,
  "num_short_requests": 128,
  "short_output_tokens": 8192,
  "decode_steps": 65,
  "mixed_decode_steps": 2,
  "decode_latency_p50_ms": 4.6091710682958364,
  "decode_latency_p95_ms": 4.974697367288171,
  "decode_latency_p99_ms": 159.40771606285116,
  "decode_latency_max_ms": 244.52876497525722,
  "decode_latency_mean_ms": 10.260334188261858,
  "mixed_decode_latency_p50_ms": 134.29975148756057,
  "mixed_decode_latency_p95_ms": 233.50586362648755,
  "mixed_decode_latency_p99_ms": 242.32418470550328,
  "mixed_decode_latency_max_ms": 244.52876497525722,
  "mixed_decode_latency_mean_ms": 134.29975148756057,
  "mixed_decode_jitter_ratio": 1.738691703000775,
  "total_time_s": 0.6670996440807357
}
