{
  "timestamp": "2026-03-21T12:00:04.663522+00:00",
  "engine": "hilda-vllm",
  "backend": "hilda-vllm",
  "model": "/root/huggingface/Qwen3-0.6B",
  "num_requests": 256,
  "prompt_tokens": 142827,
  "output_tokens": 133966,
  "prefill_tokens": 142827,
  "decode_tokens": 133966,
  "prefill_time_s": 1.0772645899560302,
  "decode_time_s": 12.98968839540612,
  "total_time_s": 12.9918625500286,
  "prefill_throughput_toks": 132583.02679922825,
  "decode_throughput_toks": 10313.257402493033,
  "total_throughput_toks": 10311.531505519592
}
